colossal	colossal
colossal	colossal
colossale	colossal
noir	noir
colossale	colossal
Grand	grand
mourant	mourant
athénien	athénien
lacédémoniennes	lacédémonien
jeunes	jeune
tète	tète
blanc	blanc
assises	assises
Olympien	olympien
petites	petit
Grand	grand
adorants	adorant
colossal	colossal
colossale	colossal
colossale	colossal
honorifique	honorifique
acéphale	acéphal
hermaphrodite	hermaphrodite
hermaphrodite	hermaphrodite
petites	petit
hospitalier	hospitalier
honorifiques	honorifique
cuite	cuit
colossal	colossal
colossal	colossal
colossal	colossal
colossal	colossal
grec	grec
colossale	colossal
colossale	colossal
colossale	colossal
marines	marin
assises	assises
iliaque	iliaque
original	original
grec Génie	grec Géni
romaine	romain
archéologique	archéologique
original	original
sauroctone	sauroctone
antique	antique
archéologique	archéologique
national	national
acéphale	acéphal
acéphale	acéphal
semi-drapée	semi-drapé
voilée	voilé
lycien	lycien
ancien	ancien
ancien	ancien
féminine	féminin
gréco-romaines	gréco-romain
antique	antique
anciens	ancien
victorieuse	victorieux
Antique	antique
antiques	antique
romains	romain
antiques	antique
antiques	antique
ancien	ancien
ancien	ancien
miniature	miniature
majestueuse	majestueux
acéphale	acéphal
énus	énu
jeune	jeune
équestre	équestre
Grand	grand
tyrannicides	tyrannicide
athénien	athénien
étrangères	étranger
ailée	ailé
archaïque	archaïque
archaïque	archaïque
Britannique	britannique
ailée	ailé
ailée	ailé
authentiques	authentique
frontonsdes	frontonsde
funéraire	funéraire
lycien	lycien
Olympien	olympien
oriental	oriental
occidental	occidental
funéraire	funéraire
vieil	vieux
Olympien	olympien
archaïque	archaïque
Britannique	britannique
doré	doré
occidental	occidental
grande	grand
symbolique	symbolique
tombale	tombal
célèbre	célèbre
précieux	précieux
archaïque	archaïque
romaine	romain
colossal	colossal
funèbres	funèbre
attiques	attique
historiques	historique
romaine	romain
archaïsante	archaïsant
Grand	grand
étrusque	étrusque
Grand	grand
massives	massif
pugilistes	pugiliste
obsidienne	obsidien
Grégorien	grégorien
grande	grand
hermaphrodite	hermaphrodite
hermaphrodite	hermaphrodite
hermaphrodite	hermaphrodite
hermaphrodite	hermaphrodite
romaine	romain
cuite	cuit
vètu	vètu
amphore	amphore
national	national
archéologique	archéologique
olympien	olympien
colossale	colossal
colossale	colossal
colossale	colossal
chryséléphantine	chryséléphantin
chryséléphantine	chryséléphantin
chryséléphantine	chryséléphantin
chryséléphantine	chryséléphantin
mythologique	mythologique
amphore	amphore
petit	petit
souriant	souriant
psychagogue	psychagogue
blanche	blanc
noire	noir
noire	noir
noire	noir
rudiaire	rudiaire
jeune	jeune
tauromorphe	tauromorphe
comique	comique
comique	comique
séculaires	séculaire
cornue	cornue
laurée	lauré
voilée	voilé
nu	nu
debout	debout
jeune	jeune
blanche	blanc
orientale	oriental
funèbre	funèbre
comique	comique
rustique	rustique
cornupète	cornupèt
juvénile	juvénile
diadémée	diadémé
fleuri	fleuri
rouge	rouge
rouge	rouge
rouge	rouge
antique	antique
Prétendus	prétendu
inconnu	inconnu
inconnu	inconnu
erotique	erotique
étrusque	étrusque
ailée	ailé
Grand	grand
rouge	rouge
rouge	rouge
calcédoine	calcédoin
calcédoine	calcédoin
noire	noir
noire	noir
variée	varié
variée	varié
variée	varié
cornupète	cornupèt
rustique	rustique
jeunes	jeune
grecs	grec
tenantun	tenantun
vieux	vieux
amoureuse	amoureux
barbue	barbu
barbue	barbu
juvénile	juvénile
bleu	bleu
bleu	bleu
calcédonieux	calcédonieux
lyricines	lyricin
calcédonieux	calcédonieux
calcédonieux	calcédonieux
calcédonieux	calcédonieux
assis	assi
calcédonieux	calcédonieux
debout	debout
calcédonieux	calcédonieux
calcédonieux	calcédonieux
calcédonieux	calcédonieux
calcédonieux	calcédonieux
calcédonieux	calcédonieux
noir	noir
noir	noir
noir	noir
rouge	rouge
rouge	rouge
rouge	rouge
rouge	rouge
rouge	rouge
rouge	rouge
rouge	rouge
rouge	rouge
rouge	rouge
juvénile	juvénile
varié	varié
mithriaque	mithriaque
vert	vert
Britannique	britannique
Britannique	britannique
pugilistes	pugiliste
couché	couché
mithriaque	mithriaque
romaine	romain
lyricine	lyricin
infernal	infernal
bustuaire	bustuaire
romain	romain
antiques	antique
émeraude	émeraud
bustuaire	bustuaire
sanguin	sanguin
blanche	blanc
jeune	jeune
blanche	blanc
blanche	blanc
orientale	oriental
rouge	rouge
rubanée	rubané
jeune	jeune
rubanée	rubané
Prétendue	prétendu
variée	varié
jeune	jeune
Prétendue	prétendu
blonde	blonde
indien	indien
jeune	jeune
Grand	grand
noir	noir
rouge	rouge
rouge	rouge
rouge	rouge
rouge	rouge
rouge	rouge
sanguin	sanguin
sanguine	sanguin
vert	vert
vert	vert
blanche	blanc
orientale	oriental
grand	grand
noire	noir
rostrale	rostral
Aiguë	aiguë
rostrale	rostral
Grand	grand
jeune	jeune
jeune	jeune
jeune	jeune
syrien	syrien
jeune	jeune
romain	romain
jeune	jeune
Prétendue	prétendu
verte	vert
jeune	jeune
impériale	impérial
russe	russe
bleue	bleu
tauromorphe	tauromorphe
étrusque	étrusque
Ancien	ancien
étrusque	étrusque
archaïque	archaïque
sauvage	sauvage
antique	antique
bacchique	bacchique
Grand	grand
blanche	blanc
blanche	blanc
blanche	blanc
grise	gris
victorieuse	victorieux
marin	marin
tous	tout
militaire	militaire
orientale	oriental
orientale	oriental
rubanée	rubané
assis	assi
assis	assi
juvénile	juvénile
rustique	rustique
bachique	bachique
debout	debout
jeune	jeune
jeune	jeune
armée	armé
noir	noir
rouge	rouge
rouge	rouge
sanguin	sanguin
sanguin	sanguin
sanguin	sanguin
sanguin	sanguin
syrien	syrien
sanguin	sanguin
sanguin	sanguin
sanguin	sanguin
sanguin	sanguin
captive	captif
sanguin	sanguin
sanguin	sanguin
sanguin	sanguin
champêtre	champêtre
debout	debout
debout	debout
marin	marin
grand	grand
royal	royal
héliotrope	héliotrope
noire	noir
fantastique	fantastique
fantastique	fantastique
ailée	ailé
debout	debout
fantastique	fantastique
variée	varié
variée	varié
indien	indien
variée	varié
variée	varié
variée	varié
assise	asseoir
variée	varié
jeune	jeune
variée	varié
jeune	jeune
variée	varié
variée	varié
variée	varié
variée	varié
variée	varié
fantastique	fantastique
variée	varié
variée	varié
variée	varié
variée	varié
Aiguë	aiguë
Grand	grand
delphique	delphique
blanche	blanc
sardonyx	sardonyx
sardonyx	sardonyx
saphirine	saphirin
sapphirine	sapphirin
sapphirine	sapphirin
daphnéphore	daphnéphore
courant	courant
lyricine	lyricin
bachique	bachique
calcédonieux	calcédonieux
Camée	camé
jeune	jeune
assise	asseoir
ailée	ailé
allégorique	allégorique
jeune	jeune
jeune	jeune
jeune	jeune
cynocéphale	cynocéphal
grand	grand
ramant	ramant
jeune	jeune
double	double
fantastique	fantastique
fantastique	fantastique
laurée	lauré
jaspoïde	jaspoïde
oriental	oriental
tyrien	tyrien
bleu	bleu
bleu	bleu
bleu	bleu
bleu	bleu
debout	debout
bleu	bleu
bleu	bleu
calcédonieux	calcédonieux
calcédonieux	calcédonieux
calcédonieux	calcédonieux
maltraitant	maltraitant
calcédonieux	calcédonieux
calcédonieux	calcédonieux
calcédonieux	calcédonieux
calcédonieux	calcédonieux
calcédonieux	calcédonieux
calcédonieux	calcédonieux
calcédonieux	calcédonieux
calcédonieux	calcédonieux
calcédonieux	calcédonieux
calcédonieux	calcédonieux
calcédonieux	calcédonieux
calcédonieux	calcédonieux
calcédonieux	calcédonieux
calcédonieux	calcédonieux
calcédonieux	calcédonieux
calcédonieux	calcédonieux
calcédonieux	calcédonieux
calcédonieux	calcédonieux
calcédonieux	calcédonieux
calcédonieux	calcédonieux
jeune	jeune
calcédonieux	calcédonieux
calcédonieux	calcédonieux
calcédonieux	calcédonieux
calcédonieux	calcédonieux
calcédonieux	calcédonieux
calcédonieux	calcédonieux
calcédonieux	calcédonieux
calcédonieux	calcédonieux
calcédonieux	calcédonieux
calcédonieux	calcédonieux
calcédonieux	calcédonieux
calcédonieux	calcédonieux
calcédonieux	calcédonieux
calcédonieux	calcédonieux
calcédonieux	calcédonieux
calcédonieux	calcédonieux
calcédonieux	calcédonieux
calcédonieux	calcédonieux
calcédonieux	calcédonieux
calcédonieux	calcédonieux
calcédonieux	calcédonieux
calcédonieux	calcédonieux
calcédonieux	calcédonieux
calcédonieux	calcédonieux
calcédonieux	calcédonieux
calcédonieux	calcédonieux
calcédonieux	calcédonieux
calcédonieux	calcédonieux
calcédonieux	calcédonieux
calcédonieux	calcédonieux
calcédonieux	calcédonieux
calcédonieux	calcédonieux
calcédonieux	calcédonieux
calcédonieux	calcédonieux
héliotrope	héliotrope
héliotrope	héliotrope
héliotrope	héliotrope
héliotrope	héliotrope
jaune	jaune
jaune	jaune
rouge	rouge
rouge	rouge
rouge	rouge
rouge	rouge
isiaque	isiaque
rouge	rouge
rouge	rouge
rouge	rouge
rouge	rouge
rouge	rouge
casquée	casquer
ailée	ailé
rouge	rouge
rouge	rouge
rouge	rouge
rouge	rouge
rouge	rouge
rouge	rouge
rouge	rouge
rouge	rouge
rouge	rouge
rouge	rouge
rouge	rouge
rouge	rouge
rouge	rouge
rouge	rouge
rouge	rouge
rouge	rouge
rouge	rouge
rouge	rouge
rouge	rouge
rouge	rouge
fantastique	fantastique
varié	varié
vert	vert
vert	vert
vert	vert
vert	vert
vert	vert
vert	vert
fantastique	fantastique
chauve	chauf
allégorique	allégorique
casqué	casqué
fantastique	fantastique
améthyste	améthyste
bleu	bleu
bleu	bleu
jaune	jaune
jaune	jaune
jaune	jaune
jaune	jaune
jaune	jaune
jeune	jeune
célèbre	célèbre
magnifique	magnifique
rouge	rouge
gaulois	gaulois
réaliste	réaliste
combattant	combattant
mourant	mourant
gaulois	gaulois
barbu	barbu
Gaulois	gaulois
barbu	barbu
Gaulois	gaulois
Gaulois	gaulois
Gaulois	gaulois
gaulois	gaulois
cuite	cuit
gaulois	gaulois
gaulois	gaulois
grec	grec
cornu	cornu
archaïque	archaïque
Gaulois	gaulois
gaulois	gaulois
dorée	doré
jeune	jeune
voilée	voilé
triomphal	triomphal
knidienne	knidien
colossale	colossal
colossale	colossal
tragique	tragique
ANTIQUES	avisier
ANTIQUES	avisier
antiques	antique
panathénaïque	panathénaïque
corinthienne	corinthien
corinthienne	corinthien
corinthienne	corinthien
funèbre	funèbre
grégorien	grégorien
grec	grec
assises	assises
hydrie	hydrie
chouette	chouet
tyrannoctones	tyrannoctone
funéraire	funéraire
cuite	cuit
romaine	romain
méridionale	méridional
étrusque	étrusque
béotien	béotien
archéologique	archéologique
furieux	furieux
lucanien	lucanien
archéologique	archéologique
acrotère	acrotère
corinthien	corinthien
panathénaïque	panathénaïque
canthare	canthare
archéologique	archéologique
éleusiniennes	éleusinien
lékané	lékané
lékané	lékané
oenochoé	oenochoé
oenochoé	oenochoé
péliké	péliké
funéraires	funéraire
apulienne	apulien
vernissée	vernissé
cuites	cuire
mystiques	mystique
étrusque	étrusque
Grégorien	grégorien
Athéniennes	athénien
oriental	oriental
obscène	obscène
citharède	citharède
éleusinienne	éleusinien
étrusques	étrusque
colossale	colossal
funéraire	funéraire
funéraire	funéraire
funéraire	funéraire
funéraire	funéraire
funéraire	funéraire
funéraire	funéraire
funéraire	funéraire
funéraire	funéraire
jeune	jeune
colossale	colossal
colossale	colossal
colossale	colossal
colossale	colossal
colossale	colossal
colossale	colossal
strigilé	strigilé
votive	votif
amoureuse	amoureux
colossale	colossal
funéraire	funéraire
funéraire	funéraire
funéraire	funéraire
funéraire	funéraire
funéraire	funéraire
funéraire	funéraire
funéraire	funéraire
votive	votif
votive	votif
votive	votif
votive	votif
votive	votif
votive	votif
votive	votif
votive	votif
votive	votif
votive	votif
votive	votif
colossale	colossal
barbu	barbu
jeune	jeune
souriant	souriant
votive	votif
votive	votif
votive	votif
votive	votif
votive	votif
votive	votif
votive	votif
votive	votif
votive	votif
votive	votif
votive	votif
votive	votif
votive	votif
votive	votif
votive	votif
votive	votif
votive	votif
votive	votif
votive	votif
votives	votif
votives	votif
votives	votif
votives	votif
colossale	colossal
bachiques	bachique
Grand	grand
outrageant	outrageant
Grand	grand
petits	petit
Grand	grand
colossale	colossal
Belle	beau
tragique	tragique
allégoriques	allégorique
monochromes	monochrome
vieille	vieux
infâme	infâme
sacro-sainte	sacro-saint
grand	grand
équestres	équestre
équestres	équestre
grec	grec
combattant	combattant
national	national
national	national
ouranienne	ouranien
ouranienne	ouranien
parisienne	parisien
romaine	romain
GRANDE	grande
GRANDE	grande
GRANDE	grande
GRANDE	grande
GRANDE	grande
GRANDE	grande
GRANDE	grande
GRANDE	grande
GRANDE	grande
GRANDE	grande
GRANDE	grande
GRANDE	grande
GRANDE	grande
GRANDE	grande
GRANDE	grande
GRANDE	grande
votif	votif
votif	votif
national	national
tympanales	tympanal
tympanales	tympanal
grande	grand
aphrodite	aphrodit
posthume	posthume
féminine	féminin
masculine	masculin
suppliante	suppliant
romain	romain
archaïque	archaïque
originale	original
romaine	romain
chthonien	chthonien
éclectique	éclectique
colossal	colossal
colossal	colossal
artistiques	artistique
colossale	colossal
capitolins	capitolin
égyptien	égyptien
cuite	cuit
courotrophe	courotrophe
nue	nu
barbue	barbu
archaïques	archaïque
anadyomène	anadyomène
pudique	pudique
jeune	jeune
grande	grand
archaïque	archaïque
archéologique	archéologique
colossal	colossal
corinthien	corinthien
national	national
national	national
national	national
Sacrée	sacré
dédalique	dédalique
jeune	jeune
national	national
fragmentaire	fragmentaire
ionien	ionien
cuite	cuit
calcaire	calcaire
cuite	cuit
symbolique	symbolique
boudeuse	boudeux
national	national
laconien	laconien
grecques	grec
DE	DE
KORAI	gosier
DE	DE
KORAI	gosier
DE	DE
DE	DE
DE	DE
DE	DE
DE	DE
mourant	mourant
mourant	mourant
mourant	mourant
national	national
national	national
national	national
national	national
national	national
péplophore	péplophore
péplophore	péplophore
national	national
archéologique	archéologique
archéologique	archéologique
archéologique	archéologique
discophore	discophore
national	national
archaïques	archaïque
grecques	grec
national	national
national	national
national	national
national	national
national	national
souriant	souriant
boudeuse	boudeux
péplophore	péplophore
cnidienne	cnidien
cnidienne	cnidien
dourien	dourien
dourien	dourien
dourien	dourien
cnidienne	cnidien
debois	debois
hellénistiques	hellénistique
dorée	doré
dorée	doré
captives	captif
colossal	colossal
poliade	poliade
colossale	colossal
barbu	barbu
archaïque	archaïque
Grand	grand
Grand	grand
Grand	grand
colossale	colossal
nue	nu
voilée	voilé
voilée	voilé
virile	virile
funéraire	funéraire
funéraire	funéraire
égyptiennes	égyptien
Ier	Ier
pudique	pudique
célèbre	célèbre
pudique	pudique
nue	nu
nue	nu
pudique	pudique
subsidiaire	subsidiaire
archaïque	archaïque
archaïque	archaïque
archaïque	archaïque
marseillaise	marseillais
marseillaise	marseillais
archaïque	archaïque
grande	grand
grande	grand
petites	petit
classique	classique
classique	classique
syrienne	syrien
syriennes	syrien
syriennes	syrien
